frechet_joints,config,regime,observed,boole,independence,independence_violated,tpag_hw,independence_ratio,n_cuts,episodes,kind
0.2740078838144721,series_n4_c0.0,series,0.21675,0.2740078838144721,0.237,False,0.26712606480121615,0.9145569620253164,4,4000,series
0.01606332573610435,parallel_n4_c0.0,redundancy,0.00025,0.12724285995595497,0.000190073681875,True,0.01606332573610435,1.3152794091946403,1,4000,parallel
1.0,series_n4_c0.3,series,0.4555,1.0,1.3765,False,0.5830716345558755,0.3309117326552851,4,4000,series
0.3334023889944449,parallel_n4_c0.3,redundancy,0.3065,0.40363441769223035,0.02305772642988281,True,0.3334023889944449,13.292724281903876,1,4000,parallel
0.9736919115703668,random_sp_n4_s20260611,series-parallel,0.40375,1.0,0.766614375,False,0.7272590770910156,0.5266663568629274,3,4000,random_sp
0.5793170924961474,general_n4_s20260611,general,0.3095,1.0,0.3991511875,False,0.5793170924961474,0.7753954132981252,5,4000,general
0.5879612545455963,series_n8_c0.0,series,0.40625,0.5879612545455963,0.5115000000000001,False,0.5674275560002641,0.7942326490713586,8,4000,series
0.01577164034586345,parallel_n8_c0.0,redundancy,0.0,0.12097773237970375,3.569964059897934e-08,False,0.01577164034586345,0.0,1,4000,parallel
1.0,series_n8_c0.3,series,0.5745,1.0,2.7725,False,0.8745984784368015,0.20721370604147882,8,4000,series
0.320472125201795,parallel_n8_c0.3,redundancy,0.2965,0.3920411286799684,0.0004227145873257588,True,0.320472125201795,701.4188979750221,1,4000,parallel
1.0,random_sp_n8_s20260615,series-parallel,0.68225,1.0,2.697,False,1.0,0.2529662588060808,8,4000,random_sp
1.0,general_n8_s20260615,general,0.45375,1.0,0.8254932888125,False,1.0,0.5496713373075809,12,4000,general
1.0,series_n16_c0.0,series,0.6225,1.0,0.95525,False,1.0,0.6516618686207799,16,4000,series
0.013419569004980267,parallel_n16_c0.0,redundancy,0.0,0.12228384106072882,1.171453807021677e-15,False,0.013419569004980267,,1,4000,parallel
1.0,series_n16_c0.3,series,0.73375,1.0,5.378000000000001,False,1.0,0.13643547787281515,16,4000,series
0.33061478240177994,parallel_n16_c0.3,redundancy,0.30675,0.40388632803612784,3.1339753308245277e-07,True,0.33061478240177994,978788.814905241,1,4000,parallel
1.0,random_sp_n16_s20260623,series-parallel,0.25625,1.0,0.477179112082602,False,1.0,0.5370100943472184,52,4000,random_sp
1.0,general_n16_s20260623,general,0.57325,1.0,1.2902087682187502,False,1.0,0.44430794001766355,26,4000,general
1.0,series_n32_c0.0,series,0.86325,1.0,1.9129999999999996,False,1.0,0.4512545739675902,32,4000,series
0.013715561581685187,parallel_n32_c0.0,redundancy,0.0,0.12411161156980037,4.4469471162974526e-30,False,0.013715561581685187,,1,4000,parallel
1.0,series_n32_c0.3,series,0.91025,1.0,10.72725,False,1.0,0.08485399333473165,32,4000,series
0.3339091521524869,parallel_n32_c0.3,redundancy,0.3105,0.4028786567753224,1.0452303899205349e-13,True,0.3339091521524869,,1,4000,parallel
1.0,random_sp_n32_s20260639,series-parallel,0.26475,1.0,0.8998477195638112,False,1.0,0.2942164482323008,324,4000,random_sp
1.0,general_n32_s20260639,general,0.84825,1.0,2.8089828628593754,False,1.0,0.3019776344012767,59,4000,general
0.05773138218448707,kofn_2of3_c0.0,series-parallel,0.03825,0.3921556989161987,0.0433715,False,0.05773138218448707,0.8819155436173524,3,4000,kofn
0.9530434331736857,kofn_2of3_c0.3,series-parallel,0.3185,1.0,0.42447899999999994,False,0.9530434331736857,0.7503315829522781,3,4000,kofn
0.19788716862989086,kofn_3of5_c0.0,series-parallel,0.0155,1.0,0.019292580703125003,False,0.19788716862989086,0.8034176577262843,10,4000,kofn
1.0,kofn_3of5_c0.3,series-parallel,0.31075,1.0,0.5598406504531249,False,1.0,0.5550686606063432,10,4000,kofn
0.3230190111709671,kofn_3of7_c0.0,series-parallel,0.0005,1.0,0.0005004249718064764,False,0.3230190111709671,0.999150778177711,21,4000,kofn
1.0,kofn_3of7_c0.3,series-parallel,0.30175,1.0,0.18250214249173338,True,1.0,1.653405247084527,21,4000,kofn
0.568658049238205,kofn_4of7_c0.0,series-parallel,0.0045,1.0,0.006866594386500001,False,0.568658049238205,0.6553467041605341,35,4000,kofn
1.0,kofn_4of7_c0.3,series-parallel,0.29275,1.0,0.7056056354098008,False,1.0,0.41489181110348844,35,4000,kofn
0.835713035658588,reconvergent_w2d2_c0.4,series-parallel,0.63775,0.9431958599148069,0.4127879375,True,0.835713035658588,1.5449821616941024,2,4000,reconvergent
1.0,reconvergent_w3d3_c0.4,series-parallel,0.776,1.0,0.282126941875,True,1.0,2.7505349005052375,3,4000,reconvergent
1.0,reconvergent_w2d5_c0.4,series-parallel,0.92475,1.0,1.0411493125,False,1.0,0.8882011339752001,5,4000,reconvergent
1.0,reconvergent_w4d4_c0.4,series-parallel,0.8735,1.0,0.1771823827185156,True,1.0,4.929948376344524,4,4000,reconvergent
