slack,family,n_components,sound,config,independence_violated,episodes,b_hw,b_boole,observed,n_cuts,independence,hw_tightening
0.03313605569468775,series,4,True,series_n4_c0.0,False,20000,0.24698605569468776,0.2541161880276234,0.21385,4,0.23295,0.0071301323329356625
0.015577481257870467,parallel,4,True,parallel_n4_c0.0,False,20000,0.015777481257870467,0.015777481257870467,0.0002,1,0.00020339281638720002,0.0
0.07882873910082294,series,4,True,series_n4_c0.3,False,20000,0.5269787391008229,1.0,0.44815,4,1.3575499999999998,0.47302126089917707
0.019366636655368308,parallel,4,True,parallel_n4_c0.3,True,20000,0.31706663665536833,0.31706663665536833,0.2977,1,0.02127924485449875,0.0
0.29398656229437037,random_sp,4,True,random_sp_n4_s20260611,False,20000,0.6994365622943703,0.9504024917162959,0.40545,3,0.767029165,0.2509659294219255
0.2838939241979742,general,4,True,general_n4_s20260611,False,20000,0.5628939241979742,0.5628939241979742,0.279,5,0.39397043749999994,0.0
0.11549381196492292,series,8,True,series_n8_c0.0,False,20000,0.5125938119649229,0.5326250924032866,0.3971,8,0.48935000000000006,0.020031280438363663
0.015394696665362854,parallel,8,True,parallel_n8_c0.0,False,20000,0.015394696665362854,0.015394696665362854,0.0,1,3.870862425348053e-08,0.0
0.1966948269878962,series,8,True,series_n8_c0.3,False,20000,0.7662948269878962,1.0,0.5696,8,2.72925,0.2337051730121038
0.01955197771099565,parallel,8,True,parallel_n8_c0.3,True,20000,0.32715197771099563,0.32715197771099563,0.3076,1,0.000552327448947673,0.0
0.2659025095876144,random_sp,8,True,random_sp_n8_s20260615,False,20000,0.9404525095876144,1.0,0.67455,8,2.58355,0.059547490412385606
0.51115,general,8,True,general_n8_s20260615,False,20000,1.0,1.0,0.48885,12,0.8244282209845,0.0
0.36960000000000004,series,16,True,series_n16_c0.0,False,10000,1.0,1.0,0.6304,16,0.965,0.0
0.014730082528536637,parallel,16,True,parallel_n16_c0.0,False,10000,0.014730082528536637,0.014730082528536637,0.0,1,1.7026113476781297e-15,0.0
0.2663,series,16,True,series_n16_c0.3,False,10000,1.0,1.0,0.7337,16,5.403499999999999,0.0
0.022422747378712582,parallel,16,True,parallel_n16_c0.3,True,10000,0.3208227473787126,0.3208227473787126,0.2984,1,2.2187035307745153e-07,0.0
0.7417,random_sp,16,True,random_sp_n16_s20260623,False,10000,1.0,1.0,0.2583,52,0.4870223904090397,0.0
0.3872,general,16,True,general_n16_s20260623,False,10000,1.0,1.0,0.6128,26,1.3469196790059996,0.0
0.13739999999999997,series,32,True,series_n32_c0.0,False,5000,1.0,1.0,0.8626,32,1.9170000000000003,0.0
0.01466351648048341,parallel,32,True,parallel_n32_c0.0,False,5000,0.01466351648048341,0.01466351648048341,0.0,1,3.846765321709137e-30,0.0
0.08899999999999997,series,32,True,series_n32_c0.3,False,5000,1.0,1.0,0.911,32,10.7662,0.0
0.0270141448438157,parallel,32,True,parallel_n32_c0.3,True,5000,0.3340141448438157,0.3340141448438157,0.307,1,8.007920699907502e-14,0.0
0.7385999999999999,random_sp,32,True,random_sp_n32_s20260639,False,5000,1.0,1.0,0.2614,324,0.8714921167110212,0.0
0.14459999999999995,general,32,True,general_n32_s20260639,False,5000,1.0,1.0,0.8554,59,2.75356392792,0.0
0.011199999999999988,series,64,True,series_n64_c0.0,False,2500,1.0,1.0,0.9888,64,3.9015999999999993,0.0
0.014628447537945514,parallel,64,True,parallel_n64_c0.0,False,2500,0.014628447537945514,0.014628447537945514,0.0,1,9.288876977825931e-60,0.0
0.016000000000000014,series,64,True,series_n64_c0.3,False,2500,1.0,1.0,0.984,64,21.791599999999995,0.0
0.03335715611552109,parallel,64,True,parallel_n64_c0.3,True,2500,0.3257571561155211,0.3257571561155211,0.2924,1,8.98328737606365e-28,0.0
0.7484,random_sp,64,True,random_sp_n64_s20260671,True,2500,1.0,1.0,0.2516,3024,0.025394457483631228,0.0
0.009600000000000053,general,64,True,general_n64_s20260671,False,2500,1.0,1.0,0.9904,122,6.260363689280003,0.0
0.011310588243580222,kofn,3,True,kofn_2of3_c0.0,False,20000,0.050660588243580225,0.050660588243580225,0.03935,3,0.0422185025,0.0
0.6358085632698252,kofn,3,True,kofn_2of3_c0.3,False,20000,0.9638085632698252,0.9638085632698252,0.328,3,0.4404114874999999,0.0
0.15033842530448696,kofn,5,True,kofn_3of5_c0.0,False,20000,0.16568842530448696,0.16568842530448696,0.01535,10,0.017383578605999997,0.0
0.6878500000000001,kofn,5,True,kofn_3of5_c0.3,False,20000,1.0,1.0,0.31215,10,0.576720387018,0.0
0.3345971534339162,kofn,7,True,kofn_3of7_c0.0,True,20000,0.3351471534339162,0.3351471534339162,0.00055,21,0.00052430619698633,0.0
0.70055,kofn,7,True,kofn_3of7_c0.3,True,20000,1.0,1.0,0.29945,21,0.1744069515871412,0.0
0.5608031588988479,kofn,7,True,kofn_4of7_c0.0,False,20000,0.5652031588988479,0.5652031588988479,0.0044,35,0.006977819500464211,0.0
0.69665,kofn,7,True,kofn_4of7_c0.3,False,20000,1.0,1.0,0.30335,35,0.7610537838049753,0.0
0.1859161571453084,reconvergent,4,True,reconvergent_w2d2_c0.4,True,20000,0.8321661571453084,0.8321661571453084,0.64625,2,0.42288463,0.0
0.21635000000000004,reconvergent,9,True,reconvergent_w3d3_c0.4,True,20000,1.0,1.0,0.78365,3,0.287032265196625,0.0
0.07489999999999997,reconvergent,10,True,reconvergent_w2d5_c0.4,False,20000,1.0,1.0,0.9251,5,1.058220005,0.0
0.13319999999999999,reconvergent,16,True,reconvergent_w4d4_c0.4,True,10000,1.0,1.0,0.8668,4,0.1761028800589921,0.0
