family,estimated_cuts,max_cuts,bound_time_s,n,cut_time_s,over_timeout,peak_mib,status,n_cuts
series,4.0,2000000,1.056099426932633e-05,4,3.784001455642283e-05,False,0.0016326904296875,computed,4
series,8.0,2000000,1.3868004316464067e-05,8,2.445498830638826e-05,False,0.0030975341796875,computed,8
series,16.0,2000000,1.3446988305076957e-05,16,3.9126985939219594e-05,False,0.0051727294921875,computed,16
series,32.0,2000000,2.2927008103579283e-05,32,7.658402319066226e-05,False,0.0107879638671875,computed,32
series,64.0,2000000,5.6845019571483135e-05,64,0.00020263498299755156,False,0.0190887451171875,computed,64
series,96.0,2000000,6.795799708925188e-05,96,0.0003786979941651225,False,0.0349273681640625,computed,96
series,128.0,2000000,8.55499820318073e-05,128,0.0007546200067736208,False,0.0453033447265625,computed,128
parallel,1.0,2000000,3.8130092434585094e-06,4,1.339500886388123e-05,False,0.00183868408203125,computed,1
parallel,1.0,2000000,3.344001015648246e-06,8,1.2136995792388916e-05,False,0.003204345703125,computed,1
parallel,1.0,2000000,3.4249969758093357e-06,16,1.612800406292081e-05,False,0.0055084228515625,computed,1
parallel,1.0,2000000,3.5460107028484344e-06,32,2.6937981601804495e-05,False,0.0109100341796875,computed,1
parallel,1.0,2000000,4.344998160377145e-06,64,4.947799607180059e-05,False,0.0211639404296875,computed,1
parallel,1.0,2000000,5.6219869293272495e-06,96,7.42199772503227e-05,False,0.03325653076171875,computed,1
parallel,1.0,2000000,6.677990313619375e-06,128,9.817801765166223e-05,False,0.04293060302734375,computed,1
reconvergent,2.0,2000000,5.1209935918450356e-06,4,2.9206014005467296e-05,False,0.001678466796875,computed,2
reconvergent,4.0,2000000,5.070003680884838e-06,8,2.7905014576390386e-05,False,0.00213623046875,computed,4
reconvergent,8.0,2000000,7.842987542971969e-06,16,5.0838018069043756e-05,False,0.0033416748046875,computed,8
reconvergent,16.0,2000000,1.2931996025145054e-05,32,9.460799628868699e-05,False,0.00577545166015625,computed,16
reconvergent,32.0,2000000,2.44499824475497e-05,64,0.00019639800302684307,False,0.0117645263671875,computed,32
reconvergent,48.0,2000000,3.739100066013634e-05,96,0.0003074879932682961,False,0.02005767822265625,computed,48
reconvergent,64.0,2000000,4.582700785249472e-05,128,0.0004950109869241714,False,0.02518463134765625,computed,64
kofn,4.0,2000000,6.885995389893651e-06,4,2.6286987122148275e-05,False,0.0023651123046875,computed,4
kofn,56.0,2000000,4.787699435837567e-05,8,0.00037228898145258427,False,0.0336456298828125,computed,56
kofn,11440.0,2000000,0.011860650993185118,16,3.8850026419968344,False,11.0599365234375,computed,11440
kofn,565722720.0,2000000,,32,,,,skipped_cap,
kofn,1.7770900760655424e+18,2000000,,64,,,,skipped_cap,
kofn,6.303739115624129e+27,2000000,,96,,,,skipped_cap,
kofn,2.3582666872052267e+37,2000000,,128,,,,skipped_cap,
nested_parallel,4.0,2000000,1.0871008271351457e-05,4,7.483601802960038e-05,False,0.00260162353515625,computed,4
nested_parallel,16.0,2000000,1.655801315791905e-05,8,6.369702168740332e-05,False,0.0074005126953125,computed,16
nested_parallel,256.0,2000000,0.0003096730215474963,16,0.002263895992655307,False,0.16120147705078125,computed,256
nested_parallel,65536.0,2000000,0.08062624299782328,32,169.4845769299718,True,65.07960510253906,computed,65536
nested_parallel,4294967296.0,2000000,,64,,,,skipped_cap,
nested_parallel,281474976710656.0,2000000,,96,,,,skipped_cap,
nested_parallel,1.8446744073709552e+19,2000000,,128,,,,skipped_cap,
general,8.0,2000000,1.4949997421354055e-05,4,5.209899973124266e-05,False,0.00141143798828125,computed,4
general,16.0,2000000,1.2588017852976918e-05,8,2.6781985070556402e-05,False,0.001953125,computed,10
general,32.0,2000000,2.3783999495208263e-05,16,6.485899211838841e-05,False,0.0048370361328125,computed,27
general,64.0,2000000,4.4832006096839905e-05,32,0.0001794440031517297,False,0.0074462890625,computed,58
general,128.0,2000000,8.768599946051836e-05,64,0.000600911007495597,False,0.021209716796875,computed,123
general,192.0,2000000,0.00012971600517630577,96,0.001285099977394566,False,0.03141021728515625,computed,186
general,256.0,2000000,0.00017314398428425193,128,0.002075676020467654,False,0.04074859619140625,computed,250
