observed,cp_sound,kind,boole_cp,indep_point,boole_minus_tpag_cp,regime,tpag_point,delta_hw_point,delta_hw_cp,cp_tighter_than_boole,n_cuts,config,point_sound,tpag_cp,episodes
0.21675,True,series,0.2866454652062414,0.237,0.005467132356084481,series,0.22399999999999998,0.013000000000000001,0.005467132356084466,True,4,series_n4_c0.0,True,0.2811783328501569,4000
0.00025,True,parallel,0.017709179701365225,0.000190073681875,0.0,redundancy,0.0115,0.0,0.0,True,1,parallel_n4_c0.0,True,0.017709179701365225,4000
0.4555,True,series,1.0,1.3765,0.3773213034714331,series,0.4615,0.915,0.8481652459690145,True,4,series_n4_c0.3,True,0.6226786965285669,4000
0.3065,True,parallel,0.3391373412931451,0.02305772642988281,0.0,redundancy,0.316,0.0,0.0,True,1,parallel_n4_c0.3,True,0.3391373412931451,4000
0.40375,True,random_sp,0.9907374483041285,0.766614375,0.24128967203996898,series-parallel,0.6595,0.2625,0.24128967203996896,True,3,random_sp_n4_s20260611,True,0.7494477762641595,4000
0.387,True,general,0.7282776907790431,0.3927981875,0.0,general,0.6457499999999999,0.0,0.0,True,5,general_n4_s20260611,True,0.7282776907790431,4000
0.40625,True,series,0.6140229988187366,0.5115000000000001,0.016696092844062593,series,0.475,0.0365,0.01669609284406257,True,8,series_n8_c0.0,True,0.597326905974674,4000
0.0,True,parallel,0.017404035280998976,3.569964059897934e-08,0.0,redundancy,0.01125,0.0,0.0,True,1,parallel_n8_c0.0,True,0.017404035280998976,4000
0.5745,True,series,1.0,2.7725,0.040572381501091215,series,0.6139999999999999,2.1585,2.002031957464268,True,8,series_n8_c0.3,True,0.9594276184989088,4000
0.2965,True,parallel,0.32615267314552016,0.00042271458732575875,0.0,redundancy,0.30325,0.0,0.0,True,1,parallel_n8_c0.3,True,0.32615267314552016,4000
0.68225,True,random_sp,1.0,2.697,0.0,series-parallel,0.79525,1.90175,1.75151877279977,True,8,random_sp_n8_s20260615,True,1.0,4000
0.46175,True,general,1.0,0.8526132391249998,0.0,general,1.0,0.0,0.0,True,12,general_n8_s20260615,True,1.0,4000
0.6225,True,series,1.0,0.95525,0.0,series,0.8785000000000001,0.07675,0.03485338226622006,True,16,series_n16_c0.0,True,1.0,4000
0.0,True,parallel,0.014938348058860957,1.1714538070216768e-15,0.0,redundancy,0.00925,0.0,0.0,True,1,parallel_n16_c0.0,True,0.014938348058860957,4000
0.73375,True,series,1.0,5.378000000000001,0.0,series,0.9047499999999999,4.47325,4.141394311797603,True,16,series_n16_c0.3,True,1.0,4000
0.30675,True,parallel,0.3363384177937703,3.1339753308245277e-07,0.0,redundancy,0.31325,0.0,0.0,True,1,parallel_n16_c0.3,True,0.3363384177937703,4000
0.25625,True,random_sp,1.0,0.47717911208260205,0.0,series-parallel,1.0,0.0,0.0,True,52,random_sp_n16_s20260623,True,1.0,4000
0.69175,True,general,1.0,1.326656475734375,0.0,general,1.0,0.0,0.0,True,26,general_n16_s20260623,True,1.0,4000
0.86325,True,series,1.0,1.9129999999999996,0.0,series,1.0,0.16825,0.07850174320403512,True,32,series_n32_c0.0,True,1.0,4000
0.0,True,parallel,0.015249175980079407,4.4469471162974526e-30,0.0,redundancy,0.0095,0.0,0.0,True,1,parallel_n32_c0.0,True,0.015249175980079407,4000
0.91025,True,series,1.0,10.72725,0.0,series,1.0,9.19275,8.508126895950664,True,32,series_n32_c0.3,True,1.0,4000
0.3105,True,parallel,0.3396461376920717,1.0452303899205349e-13,0.0,redundancy,0.3165,0.0,0.0,True,1,parallel_n32_c0.3,True,0.3396461376920717,4000
0.26475,True,random_sp,1.0,0.899847719563811,0.0,series-parallel,1.0,0.0,0.0,True,324,random_sp_n32_s20260639,True,1.0,4000
0.87325,True,general,1.0,2.8208881290781247,0.0,general,1.0,0.0,0.0,True,59,general_n32_s20260639,True,1.0,4000
0.03825,True,kofn,0.06308608178151578,0.0433715,0.0,series-parallel,0.042749999999999996,0.0,0.0,True,3,kofn_2of3_c0.0,True,0.06308608178151578,4000
0.3185,True,kofn,0.9700478096666268,0.42447899999999994,0.0,series-parallel,0.9015,0.0,0.0,True,3,kofn_2of3_c0.3,True,0.9700478096666268,4000
0.0155,True,kofn,0.21596210152306897,0.019292580703125003,0.0,series-parallel,0.14725,0.0,0.0,True,10,kofn_3of5_c0.0,True,0.21596210152306897,4000
0.31075,True,kofn,1.0,0.559840650453125,0.0,series-parallel,1.0,0.0,0.0,True,10,kofn_3of5_c0.3,True,1.0,4000
0.0005,True,kofn,0.356916611329234,0.0005004249718064764,0.0,series-parallel,0.22924999999999998,0.0,0.0,True,21,kofn_3of7_c0.0,True,0.356916611329234,4000
0.30175,True,kofn,1.0,0.18250214249173335,0.0,series-parallel,1.0,0.0,0.0,True,21,kofn_3of7_c0.3,True,1.0,4000
0.0045,True,kofn,0.6264869856055277,0.006866594386500001,0.0,series-parallel,0.40825,0.0,0.0,True,35,kofn_4of7_c0.0,True,0.6264869856055277,4000
0.29275,True,kofn,1.0,0.7056056354098008,0.0,series-parallel,1.0,0.0,0.0,True,35,kofn_4of7_c0.3,True,1.0,4000
0.63775,True,reconvergent,0.8476651409380948,0.4127879375,0.0,series-parallel,0.79925,0.0,0.0,True,2,reconvergent_w2d2_c0.4,True,0.8476651409380948,4000
0.776,True,reconvergent,1.0,0.282126941875,0.0,series-parallel,1.0,0.0,0.0,True,3,reconvergent_w3d3_c0.4,True,1.0,4000
0.92475,True,reconvergent,1.0,1.0411493125,0.0,series-parallel,1.0,0.0,0.0,True,5,reconvergent_w2d5_c0.4,True,1.0,4000
0.8735,True,reconvergent,1.0,0.1771823827185156,0.0,series-parallel,1.0,0.0,0.0,True,4,reconvergent_w4d4_c0.4,True,1.0,4000
