kind,b_boole,b_hw,sound,regime,confidence,observed,obs_ci_lo,obs_ci_hi,config,episodes,slack
gadget,0.015964486660077888,0.015964486660077888,True,redundancy,0.997,0.01175,0.0095,0.014125,gadget_k2_c0.0,8000,0.004214486660077888
gadget,0.11663876082887702,0.11663876082887702,True,redundancy,0.997,0.105625,0.099125,0.11275,gadget_k2_c0.1,8000,0.01101376082887702
gadget,0.22680669625556615,0.22680669625556615,True,redundancy,0.997,0.212375,0.203625,0.221,gadget_k2_c0.2,8000,0.014431696255566145
gadget,0.42461152050240475,0.42461152050240475,True,redundancy,0.997,0.4075,0.397246875,0.4185,gadget_k2_c0.4,8000,0.017111520502404776
gadget,0.621486454885428,0.621486454885428,True,redundancy,0.997,0.604625,0.593,0.615128125,gadget_k2_c0.6,8000,0.016861454885428007
gadget,0.013493888944582809,0.013493888944582809,True,redundancy,0.994,0.00125,0.0005,0.002125,gadget_k3_c0.0,8000,0.01224388894458281
gadget,0.12445643114080117,0.12445643114080117,True,redundancy,0.994,0.105,0.0985,0.11175312499999998,gadget_k3_c0.1,8000,0.019456431140801173
gadget,0.21746251839786926,0.21746251839786926,True,redundancy,0.994,0.195375,0.186375,0.204125,gadget_k3_c0.2,8000,0.022087518397869266
gadget,0.4239829699933882,0.4239829699933882,True,redundancy,0.994,0.402375,0.391746875,0.412878125,gadget_k3_c0.4,8000,0.02160796999338821
gadget,0.6147903302662263,0.6147903302662263,True,redundancy,0.994,0.594375,0.58375,0.6045,gadget_k3_c0.6,8000,0.020415330266226328
series,0.5588226864019433,0.36647806012322476,True,series,0.994,0.301,0.291,0.311253125,series_k3_c0.1,8000,0.06547806012322477
series,1.0,0.5397052818132728,True,series,0.994,0.453375,0.442746875,0.464375,series_k3_c0.3,8000,0.08633028181327285
series,1.0,0.6951532019181081,True,series,0.994,0.6065,0.59575,0.616753125,series_k3_c0.5,8000,0.0886532019181081
series,0.7380235004559268,0.4550566715173678,True,series,0.99,0.358,0.34725,0.3685,series_k4_c0.1,8000,0.0970566715173678
series,1.0,0.6152281025671676,True,series,0.99,0.490625,0.479746875,0.501128125,series_k4_c0.3,8000,0.12460310256716767
series,1.0,0.7599553856895556,True,series,0.99,0.63175,0.621125,0.642753125,series_k4_c0.5,8000,0.12820538568955553
t1,0.07736054379013907,0.07736054379013907,True,series-parallel,0.996,0.064,0.058625,0.069375,t1_c0.0,8000,0.013360543790139068
t1,0.2860912621966045,0.2860912621966045,True,series-parallel,0.996,0.253,0.24325,0.262628125,t1_c0.2,8000,0.03309126219660452
t1,0.48525152534927707,0.48525152534927707,True,series-parallel,0.996,0.44,0.42975,0.451253125,t1_c0.4,8000,0.045251525349277066
series,0.2681793893811937,0.26167967852045887,True,series,0.99,0.213,0.204375,0.2225,series_n4_c0.0,8000,0.048679678520458874
parallel,0.01768935732185348,0.01768935732185348,True,redundancy,0.99,0.000125,0.0,0.000375,parallel_n4_c0.0,8000,0.01756435732185348
series,1.0,0.5704493165676598,True,series,0.99,0.452,0.441375,0.462628125,series_n4_c0.3,8000,0.11844931656765983
parallel,0.3265766170778231,0.3265766170778231,True,redundancy,0.99,0.30275,0.292875,0.313375,parallel_n4_c0.3,8000,0.023826617077823076
random_sp,0.9681688907161149,0.7229346648704269,True,series-parallel,0.994,0.406,0.395375,0.41625,random_sp_n4_s20260611,8000,0.3169346648704269
general,0.7251499738485555,0.7251499738485555,True,general,0.991,0.4005,0.389746875,0.411375,general_n4_s20260611,8000,0.3246499738485555
series,0.5535061727249547,0.5362053149001488,True,series,0.964,0.39175,0.381375,0.40225,series_n8_c0.0,8000,0.1444553149001488
parallel,0.015241433694812947,0.015241433694812947,True,redundancy,0.964,0.0,0.0,0.0,parallel_n8_c0.0,8000,0.015241433694812947
series,1.0,0.8646102428710956,True,series,0.964,0.581125,0.570496875,0.591875,series_n8_c0.3,8000,0.28348524287109556
parallel,0.3288563417602927,0.3288563417602927,True,redundancy,0.964,0.304625,0.294625,0.314625,parallel_n8_c0.3,8000,0.024231341760292735
random_sp,1.0,1.0,True,series-parallel,0.964,0.676,0.66525,0.686253125,random_sp_n8_s20260615,8000,0.32399999999999995
general,1.0,1.0,True,general,0.976,0.44875,0.438,0.45937812499999997,general_n8_s20260615,8000,0.55125
series,1.0,1.0,True,series,0.864,0.62475,0.61425,0.634753125,series_n16_c0.0,8000,0.37525
parallel,0.014660933799769552,0.014660933799769552,True,redundancy,0.864,0.0,0.0,0.0,parallel_n16_c0.0,8000,0.014660933799769552
series,1.0,1.0,True,series,0.864,0.746125,0.73625,0.7555,series_n16_c0.3,8000,0.25387499999999996
parallel,0.3226493888752569,0.3226493888752569,True,redundancy,0.864,0.29875,0.289,0.30925,parallel_n16_c0.3,8000,0.02389938887525689
random_sp,1.0,1.0,True,series-parallel,0.906,0.249625,0.239996875,0.259375,random_sp_n16_s20260623,8000,0.750375
general,1.0,1.0,True,general,0.9390000000000001,0.704875,0.694871875,0.714003125,general_n16_s20260623,8000,0.29512499999999997
kofn,0.05505740811469756,0.05505740811469756,True,series-parallel,0.994,0.03775,0.033625,0.042,kofn_2of3_c0.0,8000,0.01730740811469756
kofn,0.9916342188483706,0.9916342188483706,True,series-parallel,0.994,0.333125,0.322875,0.343,kofn_2of3_c0.3,8000,0.6585092188483705
kofn,0.17631172054719932,0.17631172054719932,True,series-parallel,0.985,0.01525,0.012625,0.018125,kofn_3of5_c0.0,8000,0.1610617205471993
kofn,1.0,1.0,True,series-parallel,0.985,0.311875,0.302,0.322,kofn_3of5_c0.3,8000,0.688125
kofn,0.3545200894526228,0.3545200894526228,True,series-parallel,0.972,0.000375,0.0,0.000875,kofn_3of7_c0.0,8000,0.3541450894526228
kofn,1.0,1.0,True,series-parallel,0.972,0.29825,0.288621875,0.30825,kofn_3of7_c0.3,8000,0.70175
kofn,0.5945759499121981,0.5945759499121981,True,series-parallel,0.972,0.005875,0.00425,0.007625,kofn_4of7_c0.0,8000,0.5887009499121981
kofn,1.0,1.0,True,series-parallel,0.972,0.302375,0.29225,0.312125,kofn_4of7_c0.3,8000,0.6976249999999999
reconvergent,0.8507308329956997,0.8507308329956997,True,series-parallel,0.994,0.651875,0.641246875,0.662625,reconvergent_w2d2_c0.4,8000,0.19885583299569976
reconvergent,1.0,1.0,True,series-parallel,0.982,0.784,0.77511875,0.792875,reconvergent_w3d3_c0.4,8000,0.21599999999999997
reconvergent,1.0,1.0,True,series-parallel,0.985,0.928625,0.923121875,0.934125,reconvergent_w2d5_c0.4,8000,0.07137499999999997
reconvergent,1.0,1.0,True,series-parallel,0.96,0.869,0.8615,0.876378125,reconvergent_w4d4_c0.4,8000,0.131
code_review,0.07419295731861249,0.07419295731861249,True,series-parallel,0.996,0.06125,0.05625,0.06675312499999998,code_review_c0.0,8000,0.012942957318612489
code_review,0.2839919851539071,0.2839919851539071,True,series-parallel,0.996,0.252375,0.242375,0.261625,code_review_c0.2,8000,0.031616985153907096
code_review,0.48675159627804204,0.48675159627804204,True,series-parallel,0.996,0.439125,0.428246875,0.45,code_review_c0.4,8000,0.047626596278042055
